rush_fd,penalties_yds,pass_net_yds_per_att,penalties,plays_offense,turnover_pct,year,pass_att,first_down,rush_yds,pass_cmp,pen_fd,fumbles_lost,rush_att,pass_yds,turnovers,pass_int,rush_yds_per_att,total_yards,yds_per_play_offense,score_pct,exp_pts_def_tot,pass_fd,g,pass_td,points,team,rush_td
59,580,5.3,79,936,20.0,2006,509,236,1214,279,26,12,367,3011,40,28,3.3,4225,4.5,19.5,217.06,151,16,16,201,Baltimore Ravens,5
67,918,5.7,102,950,18.7,2006,518,264,1507,294,33,13,388,3203,35,22,3.9,4710,5.0,23.6,83.85,164,16,10,237,New England Patriots,11
77,1084,5.0,132,1023,19.6,2006,581,258,1590,328,22,20,402,3116,44,24,4.0,4706,4.6,20.6,193.59,159,16,18,255,Chicago Bears,7
94,684,5.5,80,978,12.8,2006,523,259,1460,294,22,4,420,3078,24,20,3.5,4538,4.6,23.0,87.75,143,16,12,274,Jacksonville Jaguars,14
72,724,5.5,91,1005,12.8,2006,497,267,1618,279,29,19,461,3007,27,8,3.5,4625,4.6,27.1,76.02,166,16,22,283,Miami Dolphins,7
111,843,5.7,105,1020,13.7,2006,532,312,2084,316,20,9,453,3222,25,16,4.6,5306,5.2,28.0,-18.88,181,16,19,295,New York Jets,14
87,751,5.4,87,985,13.6,2006,538,285,1613,307,20,12,386,3212,28,16,4.2,4825,4.9,28.8,53.30,178,16,19,303,San Diego Chargers,13
97,785,5.9,97,1020,14.7,2006,538,291,1813,327,11,13,446,3407,30,17,4.1,5220,5.1,32.6,51.32,183,16,13,305,Denver Broncos,13
96,735,5.5,89,990,10.8,2006,500,267,1737,291,22,8,449,3000,22,14,3.9,4737,4.8,28.7,46.96,149,16,22,305,Carolina Panthers,10
117,709,5.5,90,1029,11.8,2006,513,298,2254,324,13,11,476,3019,24,13,4.7,5273,5.1,28.9,23.82,168,16,18,311,Buffalo Bills,14
72,862,6.0,104,976,15.4,2006,529,269,1412,319,21,9,408,3393,29,20,3.5,4805,4.9,27.7,69.71,176,16,21,315,Pittsburgh Steelers,9
109,709,6.2,85,999,14.8,2006,506,298,1928,314,18,15,461,3334,30,15,4.2,5262,5.3,31.9,11.63,171,16,18,315,Kansas City Chiefs,14
96,674,5.6,89,930,9.0,2006,474,262,2063,267,18,8,418,2854,19,11,4.9,4917,5.3,26.5,-9.40,148,16,26,322,New Orleans Saints,10
53,899,6.1,112,977,16.7,2006,599,272,985,355,27,15,348,3818,36,21,2.8,4803,4.9,30.2,104.77,192,16,15,327,Minnesota Vikings,9
97,799,6.6,99,994,13.4,2006,515,313,1657,321,33,14,442,3668,26,12,3.7,5325,5.4,31.8,-8.19,183,16,20,328,Atlanta Falcons,14
126,795,5.4,96,1054,15.1,2006,525,314,2182,309,34,10,489,3067,29,19,4.5,5249,5.0,30.1,41.88,154,16,17,328,Philadelphia Eagles,12
109,836,6.5,97,1038,14.5,2006,555,337,1863,349,22,12,448,3818,31,19,4.2,5681,5.5,30.6,-30.17,206,16,24,331,Cincinnati Bengals,15
107,665,5.4,85,986,11.6,2006,410,267,2144,245,23,5,542,2413,23,18,4.0,4557,4.6,33.3,57.40,137,16,17,332,Oakland Raiders,15
102,950,6.0,118,986,11.7,2006,504,277,2029,299,15,14,441,3256,26,12,4.6,5285,5.4,29.6,32.41,160,16,23,341,Seattle Seahawks,12
88,895,6.4,93,974,15.3,2006,511,294,1659,301,27,13,429,3506,31,18,3.9,5165,5.3,32.2,-8.01,179,16,25,350,Dallas Cowboys,12
108,658,6.5,83,1015,10.2,2006,493,300,1917,301,18,9,497,3354,20,11,3.9,5271,5.2,31.7,-8.93,174,16,26,353,Tampa Bay Buccaneers,11
107,678,6.2,84,1041,14.0,2006,499,303,2273,283,18,9,514,3242,27,18,4.4,5515,5.3,31.1,-0.78,178,16,20,356,Cleveland Browns,14
150,667,5.8,86,959,16.7,2006,415,325,2768,266,25,11,519,2548,26,15,5.3,5316,5.5,38.5,-35.94,150,16,16,360,Indianapolis Colts,20
106,771,6.1,97,1057,15.0,2006,567,314,1830,333,19,11,458,3649,28,17,4.0,5479,5.2,33.2,12.33,189,16,21,362,New York Giants,19
115,792,6.5,96,979,13.1,2006,505,312,1956,328,23,11,446,3444,22,11,4.4,5400,5.5,37.5,-43.48,174,16,22,366,Houston Texans,16
95,710,5.9,97,1002,16.4,2006,515,291,1825,286,27,10,441,3309,33,23,4.1,5134,5.1,31.8,59.60,169,16,25,366,Green Bay Packers,12
104,856,6.9,94,997,5.6,2006,486,301,2197,289,28,6,492,3491,12,6,4.5,5688,5.7,38.5,-114.28,169,16,30,376,Washington Redskins,9
121,835,6.3,92,962,17.0,2006,451,313,2327,266,28,15,477,3035,32,17,4.9,5362,5.6,34.7,-53.41,164,16,21,381,St. Louis Rams,21
114,815,6.6,95,1018,18.2,2006,522,331,1897,321,31,17,458,3694,33,16,4.1,5591,5.5,37.6,-0.16,186,16,21,389,Arizona Cardinals,16
111,869,6.5,102,1033,15.1,2006,511,319,2010,339,25,18,492,3520,30,12,4.1,5530,5.4,37.8,-42.31,183,16,22,398,Detroit Lions,18
121,906,6.5,102,1062,13.2,2006,530,329,2313,335,27,11,506,3602,28,17,4.6,5915,5.6,37.6,-55.91,181,16,24,400,Tennessee Titans,20
107,703,6.5,87,1025,13.9,2006,518,326,1936,331,30,13,473,3571,27,14,4.1,5507,5.4,39.0,-48.01,189,16,25,412,San Francisco 49ers,18
111,722,5.3,85,980,21.6,2007,498,288,1711,325,15,15,454,2764,37,22,3.8,4475,4.6,25.3,42.77,162,16,16,262,Indianapolis Colts,10
74,556,4.9,73,933,13.1,2007,536,249,1438,292,17,14,361,2824,25,11,4.0,4262,4.6,26.3,86.45,158,16,22,269,Pittsburgh Steelers,6
93,706,5.2,86,977,18.7,2007,490,258,1726,297,7,19,454,2725,35,16,3.8,4451,4.6,24.2,87.40,158,16,18,270,Tampa Bay Buccaneers,11
91,764,5.3,96,933,16.6,2007,526,278,1572,314,15,12,360,3041,31,19,4.4,4613,4.9,24.0,47.80,172,16,23,274,New England Patriots,7
89,665,5.7,86,1013,22.7,2007,555,297,1712,338,23,18,416,3412,48,30,4.1,5124,5.1,23.8,86.33,185,16,20,284,San Diego Chargers,11
77,908,5.9,118,994,13.2,2007,534,297,1647,295,44,9,424,3366,28,19,3.9,5013,5.0,29.1,65.77,176,16,23,291,Green Bay Packers,6
78,756,5.7,99,1035,15.9,2007,568,278,1644,333,17,14,422,3505,34,20,3.9,5149,5.0,25.5,118.05,183,16,15,291,Seattle Seahawks,16
80,745,5.2,90,978,15.8,2007,569,268,1478,349,23,12,369,3187,34,22,4.0,4665,4.8,27.3,56.40,165,16,21,297,Tennessee Titans,11
80,616,6.0,81,979,10.2,2007,539,279,1533,312,22,8,403,3449,19,11,3.8,4982,5.1,30.5,26.05,177,16,16,300,Philadelphia Eagles,10
92,636,5.9,82,970,17.0,2007,543,286,1605,319,13,10,390,3416,30,20,4.1,5021,5.2,29.2,0.71,181,16,20,304,Jacksonville Jaguars,12
89,684,5.4,88,1026,12.4,2007,602,291,1460,351,28,10,391,3424,24,14,3.7,4884,4.8,29.5,57.10,174,16,20,310,Washington Redskins,10
67,763,6.2,110,1063,16.1,2007,646,305,1185,415,16,16,379,4225,31,15,3.1,5410,5.1,29.7,75.52,222,16,22,311,Minnesota Vikings,7
86,785,5.4,85,1008,14.8,2007,581,304,1513,342,23,10,381,3409,29,19,4.0,4922,4.9,30.8,30.87,195,16,19,325,Dallas Cowboys,12
104,695,6.1,95,980,10.9,2007,462,278,2089,276,18,8,481,3022,22,14,4.3,5111,5.2,32.1,50.59,156,16,17,335,Kansas City Chiefs,11
100,904,6.1,100,1032,14.6,2007,537,302,1771,337,28,16,472,3426,30,14,3.8,5197,5.0,32.3,13.43,174,16,22,347,Carolina Panthers,13
100,670,6.4,92,1036,15.0,2007,541,305,1967,343,20,17,454,3708,33,16,4.3,5675,5.5,28.5,32.48,185,16,19,348,Chicago Bears,17
83,874,5.8,118,984,12.4,2007,523,288,1563,306,20,10,408,3317,25,15,3.8,4880,5.0,29.5,44.99,185,16,24,351,New York Giants,12
104,567,6.4,73,1047,16.3,2007,567,322,1993,354,15,12,454,3814,30,18,4.4,5807,5.5,36.0,-42.83,203,16,19,354,Buffalo Bills,15
128,761,6.3,93,1016,12.4,2007,470,315,2156,289,13,6,517,3154,21,15,4.2,5310,5.2,36.1,-49.32,174,16,18,355,New York Jets,14
94,661,6.3,89,1078,10.7,2007,543,308,1896,345,27,10,504,3643,22,12,3.8,5539,5.1,32.5,1.62,187,16,24,364,San Francisco 49ers,9
100,581,6.1,80,1066,13.4,2007,578,335,2072,340,24,10,460,3681,27,17,4.5,5753,5.4,36.9,-28.56,211,16,29,382,Cleveland Browns,8
69,728,6.8,84,968,10.7,2007,490,258,1268,293,27,6,446,3557,23,17,2.8,4825,5.0,37.2,18.10,162,16,27,384,Baltimore Ravens,9
107,614,6.4,81,994,12.0,2007,546,325,1825,361,21,14,417,3682,25,11,4.4,5507,5.5,38.9,-71.53,197,16,25,384,Houston Texans,15
98,712,6.6,88,1011,18.8,2007,540,313,1893,353,15,16,449,3687,35,19,4.2,5580,5.5,35.9,-14.52,200,16,29,385,Cincinnati Bengals,11
80,685,7.1,89,964,12.1,2007,524,288,1646,327,12,10,408,3924,23,13,4.0,5570,5.8,36.3,-24.68,196,16,32,388,New Orleans Saints,7
121,734,6.7,99,952,12.6,2007,439,292,2334,261,15,8,486,3132,26,18,4.8,5466,5.7,34.6,-20.06,156,16,17,398,Oakland Raiders,24
90,881,6.1,118,1013,14.6,2007,570,298,1567,361,23,11,407,3716,29,18,3.9,5283,5.2,34.9,42.21,185,16,26,399,Arizona Cardinals,13
119,628,6.3,82,992,16.5,2007,458,306,2282,279,19,16,501,3094,30,14,4.6,5376,5.4,37.5,-48.77,168,16,25,409,Denver Broncos,14
105,808,6.5,91,1042,13.4,2007,536,320,2033,336,25,12,481,3655,28,16,4.2,5688,5.5,35.8,-46.58,190,16,27,414,Atlanta Falcons,12
129,604,6.9,73,983,11.5,2007,409,318,2456,242,24,8,544,3019,22,14,4.5,5475,5.6,42.5,-111.46,165,16,28,437,Miami Dolphins,18
105,732,6.5,95,999,13.1,2007,523,316,1844,318,21,9,445,3613,27,18,4.1,5457,5.5,39.8,-38.15,190,16,25,438,St. Louis Rams,16
116,897,6.5,113,1087,18.1,2007,602,363,1911,422,26,18,448,4131,35,17,4.3,6042,5.6,35.2,-60.86,221,16,32,444,Detroit Lions,19
73,801,4.3,91,974,14.4,2008,533,240,1284,301,18,9,390,2511,29,20,3.3,3795,3.9,22.9,207.33,149,16,12,223,Pittsburgh Steelers,7
81,750,5.2,93,1022,15.5,2008,575,276,1502,342,29,11,403,3196,31,20,3.7,4698,4.6,23.2,106.35,166,16,12,234,Tennessee Titans,12
58,792,5.1,114,928,17.4,2008,528,228,1302,276,18,8,366,2875,34,26,3.6,4177,4.5,21.5,245.00,152,16,17,244,Baltimore Ravens,4
79,598,5.1,81,994,13.6,2008,525,248,1476,284,25,14,421,2913,29,15,3.5,4389,4.4,25.3,169.75,144,16,19,289,Philadelphia Eagles,7
78,866,5.8,111,931,12.1,2008,503,268,1533,296,25,5,386,3139,22,17,4.0,4672,5.0,28.9,28.74,165,16,17,294,New York Giants,14
86,639,5.8,80,933,10.2,2008,511,259,1526,290,14,5,398,3095,18,13,3.8,4621,5.0,29.5,27.77,159,16,16,296,Washington Redskins,12
119,543,5.9,68,983,17.0,2008,481,305,1966,329,21,11,472,3009,26,15,4.2,4975,5.1,37.3,-31.05,165,16,6,298,Indianapolis Colts,18
78,636,6.4,81,920,12.9,2008,474,268,1722,288,14,8,415,3222,22,14,4.1,4944,5.4,30.6,-23.69,176,16,27,309,New England Patriots,8
96,615,6.2,86,979,16.4,2008,551,296,1620,320,27,12,388,3644,30,18,4.2,5264,5.4,35.2,-8.97,173,16,18,317,Miami Dolphins,11
87,660,5.9,88,945,14.6,2008,475,259,1901,276,19,8,441,2997,30,22,4.3,4898,5.2,30.7,77.11,153,16,23,323,Tampa Bay Buccaneers,8
108,854,6.0,109,998,9.0,2008,549,309,2040,325,12,8,415,3526,18,10,4.9,5566,5.6,32.0,-46.95,189,16,20,325,Atlanta Falcons,17
100,736,5.7,88,1026,12.4,2008,557,296,1912,333,18,13,432,3387,25,12,4.4,5299,5.2,30.8,8.47,178,16,19,329,Carolina Panthers,14
72,1002,6.0,109,946,12.6,2008,530,255,1230,324,20,13,371,3449,25,12,3.3,4679,4.9,27.7,79.68,163,16,15,333,Minnesota Vikings,10
113,540,6.3,72,971,11.2,2008,492,293,1946,301,13,12,455,3271,22,10,4.3,5217,5.4,36.9,1.03,167,16,14,342,Buffalo Bills,18
98,708,6.3,78,1041,13.0,2008,605,339,1641,411,28,9,408,3958,24,15,4.0,5599,5.4,35.5,-51.55,213,16,25,347,San Diego Chargers,11
93,827,5.9,100,1087,14.0,2008,622,314,1496,383,13,10,437,3859,32,22,3.4,5355,4.9,30.4,57.29,208,16,21,350,Chicago Bears,16
125,770,7.1,95,1004,17.5,2008,446,315,2431,286,14,8,541,3273,31,23,4.5,5704,5.7,31.6,-41.83,176,16,19,350,Cleveland Browns,16
86,663,6.1,93,1020,16.9,2008,572,315,1518,368,20,16,407,3752,30,14,3.7,5270,5.2,33.3,24.32,209,16,23,356,New York Jets,10
106,772,6.3,102,1013,12.0,2008,506,296,1921,315,21,12,490,3287,24,12,3.9,5208,5.1,32.6,-4.81,169,16,23,364,Cincinnati Bengals,15
85,601,5.3,87,969,10.8,2008,508,276,1706,308,28,14,402,3003,22,8,4.2,4709,4.9,36.8,29.16,163,16,19,365,Dallas Cowboys,11
98,691,7.3,80,922,9.4,2008,465,289,1709,297,25,4,428,3586,17,13,4.0,5295,5.7,38.8,-70.01,166,16,25,367,Jacksonville Jaguars,14
121,721,6.0,89,1003,14.1,2008,518,295,2105,287,33,6,458,3244,28,22,4.6,5349,5.3,34.9,7.01,141,16,22,380,Green Bay Packers,20
104,869,6.1,111,1027,9.8,2008,545,293,1709,331,19,6,452,3507,18,12,3.8,5216,5.1,38.6,-17.81,170,16,22,381,San Francisco 49ers,14
129,633,6.4,74,1045,11.5,2008,471,325,2555,266,30,8,542,3220,24,16,4.7,5775,5.5,34.4,-81.16,166,16,20,388,Oakland Raiders,23
98,671,6.9,81,1058,10.2,2008,566,324,1899,366,19,11,457,4149,20,9,4.2,6048,5.7,40.1,-68.09,207,16,25,392,Seattle Seahawks,13
100,637,6.4,84,999,11.5,2008,526,299,1885,299,19,7,445,3547,22,15,4.2,5432,5.4,39.7,-64.42,180,16,21,393,New Orleans Saints,14
114,659,6.9,81,935,12.0,2008,471,300,1962,294,19,10,439,3423,22,12,4.5,5385,5.8,38.3,-85.98,167,16,24,394,Houston Texans,18
117,816,6.5,98,993,15.5,2008,517,312,1764,323,23,17,445,3540,30,13,4.0,5304,5.3,38.7,-36.28,172,16,36,426,Arizona Cardinals,13
133,588,7.0,81,1041,15.5,2008,522,344,2543,348,16,16,509,3748,29,13,5.0,6291,6.0,43.6,-83.50,195,16,21,440,Kansas City Chiefs,25
122,738,7.0,83,990,7.7,2008,495,327,2337,333,19,7,469,3656,13,6,5.0,5993,6.1,46.4,-156.99,186,16,20,448,Denver Broncos,26
146,654,7.3,89,975,13.0,2008,444,320,2475,278,16,14,501,3475,26,12,4.9,5950,6.1,41.6,-91.58,158,16,20,465,St. Louis Rams,26
147,753,7.9,91,1009,8.4,2008,443,350,2754,303,15,16,536,3716,20,4,5.1,6470,6.4,45.3,-199.77,188,16,25,517,Detroit Lions,31
87,680,4.6,87,953,14.4,2009,501,237,1578,259,22,14,420,2459,31,17,3.8,4037,4.2,20.3,167.56,128,16,8,236,New York Jets,11
74,768,5.9,93,979,11.6,2009,572,286,1448,344,26,10,365,3606,21,11,4.0,5054,5.2,24.3,17.95,186,16,19,250,Dallas Cowboys,7
82,741,6.0,88,991,16.7,2009,524,280,1492,306,34,10,435,3316,32,22,3.4,4808,4.9,26.3,89.90,164,16,17,261,Baltimore Ravens,8
77,969,5.9,114,1050,15.5,2009,580,278,1552,352,25,15,426,3670,33,18,3.6,5222,5.0,26.7,100.26,176,16,14,281,San Francisco 49ers,12
80,780,6.2,91,941,14.0,2009,512,289,1768,300,16,10,398,3355,28,18,4.4,5123,5.4,25.1,5.99,193,16,25,285,New England Patriots,6
95,767,5.6,99,980,13.5,2009,547,276,1573,318,16,6,399,3249,25,19,3.9,4822,4.9,28.6,40.59,165,16,18,291,Cincinnati Bengals,12
68,914,5.6,107,948,21.0,2009,540,272,1333,294,36,10,371,3218,40,30,3.6,4551,4.8,25.3,100.99,168,16,29,297,Green Bay Packers,5
106,889,5.5,92,1084,14.0,2009,583,320,2024,372,11,10,467,3403,26,16,4.3,5427,5.0,33.0,11.11,203,16,19,307,Indianapolis Colts,10
109,632,5.8,82,976,19.3,2009,495,290,1997,305,26,15,450,3056,37,22,4.4,5053,5.2,26.5,65.07,155,16,14,308,Carolina Panthers,15
63,902,6.0,109,940,11.7,2009,535,271,1394,341,25,13,357,3494,24,11,3.9,4888,5.2,28.2,59.48,183,16,26,312,Minnesota Vikings,5
112,795,5.9,103,991,14.3,2009,534,309,1884,326,20,11,422,3348,25,14,4.5,5232,5.3,34.5,-6.45,177,16,23,320,San Diego Chargers,10
99,726,5.4,78,1007,15.7,2009,510,290,2059,298,24,13,458,2981,30,17,4.5,5040,5.0,31.4,47.16,167,16,18,324,Denver Broncos,11
70,903,5.8,102,967,12.4,2009,548,274,1438,319,18,10,372,3447,22,12,3.9,4885,5.1,28.7,23.67,186,16,22,324,Pittsburgh Steelers,7
89,892,6.9,110,997,15.2,2009,536,303,1711,335,17,13,433,3871,28,15,4.0,5582,5.6,32.2,-41.50,197,16,25,325,Atlanta Falcons,10
81,840,5.9,104,1038,13.8,2009,593,289,1804,346,20,8,402,3739,29,21,4.5,5543,5.3,27.6,-14.09,188,16,22,325,Arizona Cardinals,13
134,919,5.4,107,1086,16.7,2009,519,310,2501,295,19,5,535,2948,33,28,4.7,5449,5.0,28.6,37.40,157,16,14,326,Buffalo Bills,19
91,728,6.0,92,974,13.2,2009,548,300,1711,344,34,13,396,3487,27,14,4.3,5198,5.3,30.8,2.20,175,16,19,333,Houston Texans,17
85,763,6.0,98,1000,9.6,2009,511,280,1799,314,19,6,449,3316,17,11,4.0,5115,5.1,33.7,13.42,176,16,19,336,Washington Redskins,10
81,789,5.5,104,1037,17.3,2009,580,295,1675,354,35,13,413,3462,38,25,4.1,5137,5.0,29.9,46.71,179,16,27,337,Philadelphia Eagles,11
111,717,6.2,86,1044,18.0,2009,574,310,1955,330,24,13,435,3769,39,26,4.5,5724,5.5,31.4,32.38,175,16,15,341,New Orleans Saints,19
120,812,6.9,101,1072,8.6,2009,526,336,2314,313,27,9,506,3915,19,10,4.6,6229,5.8,36.0,-86.06,189,16,22,375,Cleveland Browns,15
105,744,6.0,88,1033,13.5,2009,531,312,2022,341,21,15,467,3382,28,13,4.3,5404,5.2,35.2,-18.80,186,16,29,375,Chicago Bears,14
126,684,7.0,86,1023,7.8,2009,438,314,2488,259,30,12,548,3303,20,8,4.5,5791,5.7,36.3,-79.49,158,16,16,379,Oakland Raiders,24
100,498,7.2,64,982,14.3,2009,510,307,1863,345,16,10,458,3774,25,15,4.1,5637,5.7,38.1,-88.38,191,16,28,380,Jacksonville Jaguars,12
88,589,7.0,73,968,11.3,2009,489,297,1835,281,25,6,435,3754,21,15,4.2,5589,5.8,38.7,-56.71,184,16,23,390,Miami Dolphins,16
80,971,6.6,111,1024,10.7,2009,568,305,1776,374,21,10,428,3927,23,13,4.1,5703,5.6,33.7,-42.16,204,16,27,390,Seattle Seahawks,17
129,731,6.5,80,1039,14.2,2009,482,324,2531,301,24,10,529,3318,29,19,4.8,5849,5.6,36.8,-47.54,171,16,28,400,Tampa Bay Buccaneers,16
89,724,6.5,94,1038,13.7,2009,604,323,1711,404,24,7,402,4139,27,20,4.3,5850,5.6,36.3,-64.31,210,16,31,402,Tennessee Titans,16
122,821,7.0,106,1062,13.4,2009,509,318,2504,302,18,13,531,3707,28,15,4.7,6211,5.8,35.8,-26.92,178,16,25,424,Kansas City Chiefs,18
103,678,6.5,88,953,11.5,2009,498,308,1773,314,23,11,423,3425,24,13,4.2,5198,5.5,38.5,-68.81,182,16,31,427,New York Giants,21
127,613,7.3,80,1016,10.3,2009,491,333,2201,315,24,12,500,3764,20,8,4.4,5965,5.9,35.3,-109.37,182,16,22,436,St. Louis Rams,24
95,944,7.4,113,1029,10.4,2009,545,332,2025,371,24,14,458,4249,23,9,4.4,6274,6.1,43.8,-122.27,213,16,35,494,Detroit Lions,18
61,716,5.3,86,974,17.3,2010,593,272,1004,363,29,14,333,3425,35,21,3.0,4429,4.5,25.7,121.70,182,16,15,232,Pittsburgh Steelers,5
82,758,5.4,98,969,16.5,2010,527,270,1838,296,25,8,395,3107,32,24,4.7,4945,5.1,25.3,114.57,163,16,16,240,Green Bay Packers,6
79,984,5.8,117,1007,13.5,2010,596,284,1503,349,18,8,384,3599,27,19,3.9,5102,5.1,29.2,58.34,187,16,22,270,Baltimore Ravens,5
88,790,5.8,93,1002,17.9,2010,582,282,1441,363,11,14,386,3588,35,21,3.7,5029,5.0,25.0,112.99,183,16,14,286,Chicago Bears,14
87,1003,6.1,116,957,16.1,2010,560,284,1694,364,14,9,366,3625,31,22,4.6,5319,5.6,26.1,-21.42,183,16,23,288,Atlanta Falcons,9
70,679,5.6,74,979,13.9,2010,531,272,1454,269,33,18,408,3210,30,12,3.6,4664,4.8,26.4,64.52,169,16,24,304,New York Jets,11
94,701,5.9,88,948,12.7,2010,494,273,1797,306,29,16,421,3103,25,9,4.3,4900,5.2,31.8,4.21,150,16,13,307,New Orleans Saints,13
99,687,6.4,84,1056,21.0,2010,611,348,1728,388,23,13,409,4136,38,25,4.2,5864,5.6,30.7,-40.87,226,16,25,313,New England Patriots,10
118,676,5.9,79,991,14.7,2010,521,307,2107,307,18,9,444,3216,28,19,4.7,5323,5.4,29.4,-5.86,171,16,23,318,Tampa Bay Buccaneers,12
77,769,5.3,97,939,12.5,2010,488,247,1500,285,17,7,404,2845,23,16,3.7,4345,4.6,26.1,87.49,153,16,18,322,San Diego Chargers,14
88,922,5.7,111,1028,10.9,2010,581,293,1764,319,19,9,408,3519,23,14,4.3,5283,5.1,28.1,21.63,186,16,23,326,Kansas City Chiefs,11
88,1008,5.8,126,1017,12.6,2010,570,304,1810,328,25,12,404,3578,26,14,4.5,5388,5.3,33.0,26.43,191,16,21,328,St. Louis Rams,7
102,741,6.6,85,1041,15.3,2010,507,317,2070,309,20,9,505,3531,28,19,4.1,5601,5.4,34.1,-35.43,195,16,26,332,Cleveland Browns,7
84,730,6.2,85,988,9.9,2010,502,264,1601,288,14,8,447,3348,19,11,3.6,4949,5.0,31.5,27.56,166,16,22,333,Miami Dolphins,8
107,1039,6.1,114,1139,13.1,2010,625,356,1851,410,35,8,474,4032,25,17,3.9,5883,5.2,37.7,-25.38,214,16,23,339,Tennessee Titans,7
86,839,6.3,97,1033,11.3,2010,550,299,1547,358,25,7,447,3697,22,15,3.5,5244,5.1,31.8,26.70,188,16,25,346,San Francisco 49ers,9
88,899,5.8,107,974,18.3,2010,539,263,1620,308,16,23,389,3370,39,16,4.2,4990,5.1,28.7,88.79,159,16,24,347,New York Giants,11
87,786,6.0,98,977,12.5,2010,529,276,1635,333,11,11,417,3367,26,15,3.9,5002,5.1,28.8,23.80,178,16,25,348,Minnesota Vikings,10
98,854,6.2,106,1005,13.5,2010,518,320,1999,330,35,15,443,3498,29,14,4.5,5497,5.5,31.3,-19.29,187,16,23,369,Detroit Lions,18
98,1161,5.9,117,991,9.3,2010,470,292,2138,249,44,12,474,3027,24,12,4.5,5165,5.2,31.2,3.78,150,16,29,371,Oakland Raiders,14
106,839,6.9,104,1051,12.3,2010,578,326,2041,367,13,13,444,4187,27,14,4.6,6228,5.9,32.5,-27.45,207,16,23,377,Washington Redskins,15
91,724,6.0,87,998,17.0,2010,536,309,1766,309,33,11,423,3469,34,23,4.2,5235,5.2,31.4,-27.95,185,16,31,377,Philadelphia Eagles,12
111,812,6.1,95,1010,10.5,2010,535,314,2032,356,13,11,445,3433,21,10,4.6,5465,5.4,37.0,-39.77,190,16,22,388,Indianapolis Colts,14
97,776,6.4,95,957,13.2,2010,514,290,1843,326,23,10,416,3469,26,16,4.4,5312,5.6,35.2,-28.78,170,16,21,395,Cincinnati Bengals,15
91,706,6.4,91,1074,9.9,2010,585,313,1903,339,16,10,452,3994,22,12,4.2,5897,5.5,35.9,-65.11,206,16,31,407,Seattle Seahawks,13
121,765,6.1,90,1060,14.3,2010,526,328,1981,326,31,12,503,3393,29,17,3.9,5374,5.1,35.2,3.87,176,16,19,408,Carolina Panthers,20
98,748,7.5,85,948,9.8,2010,506,316,1945,329,21,5,416,4004,18,13,4.7,5949,6.3,40.2,-130.22,197,16,28,419,Jacksonville Jaguars,19
138,634,6.1,85,1071,10.5,2010,473,335,2714,294,18,11,571,3072,22,11,4.8,5786,5.4,39.3,-69.55,179,16,28,425,Buffalo Bills,18
113,851,7.4,105,1010,10.3,2010,547,352,1751,354,28,5,433,4280,18,13,4.0,6031,6.0,40.2,-162.85,211,16,33,427,Houston Texans,16
123,894,6.5,108,1092,13.2,2010,533,339,2323,324,38,13,526,3654,30,17,4.4,5977,5.5,39.7,-1.98,178,16,22,434,Arizona Cardinals,19
84,641,6.8,79,977,15.4,2010,540,309,1734,348,25,10,402,3894,30,20,4.3,5628,5.8,36.7,-44.10,200,16,33,436,Dallas Cowboys,11
126,921,7.2,98,1056,8.0,2010,502,334,2473,297,24,8,531,3780,18,10,4.7,6253,5.9,40.7,-123.14,184,16,26,471,Denver Broncos,26
82,777,4.9,96,964,8.3,2011,530,264,1597,289,26,4,399,2751,15,11,4.0,4348,4.5,26.0,35.32,156,16,15,227,Pittsburgh Steelers,7
53,867,6.0,98,974,18.7,2011,579,267,1236,333,24,15,353,3695,38,23,3.5,4931,5.1,23.3,95.67,190,16,20,229,San Francisco 49ers,3
79,1032,5.4,103,1002,13.8,2011,535,269,1482,288,24,11,419,3140,26,15,3.5,4622,4.6,26.6,133.31,166,16,11,266,Baltimore Ravens,10
73,686,5.2,88,960,13.8,2011,538,270,1536,279,31,10,378,3035,27,17,4.1,4571,4.8,29.8,99.11,166,16,18,278,Houston Texans,8
124,726,5.9,90,1035,11.5,2011,469,301,2359,265,28,11,534,2959,20,9,4.4,5318,5.1,33.3,-17.46,149,16,16,307,Cleveland Browns,12
88,975,6.3,112,1043,8.7,2011,590,310,1530,350,24,3,412,3992,19,16,3.7,5522,5.3,29.7,10.24,198,16,24,313,Miami Dolphins,8
96,907,6.1,96,1049,14.8,2011,543,310,1797,324,40,9,473,3518,31,22,3.8,5315,5.1,28.6,54.83,174,16,18,315,Seattle Seahawks,10
111,812,5.9,99,1080,12.3,2011,591,324,2053,369,26,12,461,3629,23,11,4.5,5682,5.3,31.0,-2.54,187,16,21,317,Tennessee Titans,10
94,878,5.8,101,1009,11.0,2011,539,284,1675,319,20,12,425,3385,22,10,3.9,5060,5.0,28.5,32.41,170,16,21,323,Cincinnati Bengals,14
84,813,6.0,97,982,12.3,2011,518,289,1801,301,32,9,414,3397,24,15,4.4,5198,5.3,27.7,20.35,173,16,27,328,Philadelphia Eagles,11
73,895,6.1,105,979,13.3,2011,513,268,1667,326,20,11,435,3341,28,17,3.8,5008,5.1,29.2,53.14,175,16,21,329,Jacksonville Jaguars,14
96,834,6.7,108,991,13.8,2011,454,291,2112,257,26,6,508,3221,26,20,4.2,5333,5.4,31.9,9.95,169,16,23,338,Kansas City Chiefs,14
92,912,6.3,109,1010,8.8,2011,626,326,1738,362,38,7,351,4157,16,9,5.0,5895,5.8,34.1,-68.42,196,16,24,339,New Orleans Saints,11
75,719,6.1,98,1048,14.3,2011,631,291,1542,383,17,11,384,4065,31,20,4.0,5607,5.4,30.5,61.10,199,16,22,341,Chicago Bears,10
101,907,7.1,115,1064,17.1,2011,619,370,1874,386,24,11,405,4703,34,23,4.6,6577,6.2,32.6,-84.74,245,16,26,342,New England Patriots,13
78,650,6.7,85,972,13.3,2011,545,305,1585,336,28,10,385,3906,25,15,4.1,5491,5.6,33.3,-24.08,199,16,24,347,Dallas Cowboys,10
118,950,6.0,122,1095,9.3,2011,578,333,1986,340,41,9,475,3696,19,10,4.2,5682,5.2,32.8,-0.21,174,16,17,348,Arizona Cardinals,15
87,843,6.4,101,965,15.0,2011,560,292,1552,340,19,10,372,3786,29,19,4.2,5338,5.5,32.2,-18.44,186,16,25,350,Atlanta Falcons,10
96,948,7.2,122,1049,20.2,2011,637,358,1789,390,16,7,383,4796,38,31,4.7,6585,6.3,33.9,-64.58,246,16,29,359,Green Bay Packers,10
83,966,5.9,110,993,13.9,2011,507,272,1777,275,22,12,451,3216,31,19,3.9,4993,5.0,29.3,89.90,167,16,15,363,New York Jets,17
95,1006,6.5,123,988,10.5,2011,509,295,1884,308,20,8,438,3553,21,13,4.3,5437,5.5,37.4,-24.19,180,16,22,367,Washington Redskins,15
102,760,7.0,92,958,12.4,2011,478,311,1955,299,23,4,448,3591,21,17,4.4,5546,5.8,36.5,-75.29,186,16,29,377,San Diego Chargers,8
91,982,5.9,119,1055,16.2,2011,604,325,2050,376,39,13,410,3831,34,21,5.0,5881,5.6,32.4,-12.71,195,16,26,387,Detroit Lions,10
101,845,6.4,99,1063,7.8,2011,534,315,2021,333,32,9,488,3704,18,9,4.1,5725,5.4,33.0,-47.98,182,16,24,390,Denver Broncos,11
103,933,6.4,110,1072,14.8,2011,589,338,1940,361,25,11,435,4082,31,20,4.5,6022,5.6,34.7,-60.46,210,16,28,400,New York Giants,15
122,951,6.3,111,1033,8.9,2011,484,313,2433,293,25,6,510,3301,18,12,4.8,5734,5.6,35.9,-51.00,166,16,21,407,St. Louis Rams,17
110,901,7.6,98,972,12.9,2011,490,329,2093,318,28,10,451,3949,24,14,4.6,6042,6.2,42.7,-127.30,191,16,28,429,Carolina Panthers,18
136,804,7.0,84,1062,9.1,2011,493,343,2303,351,14,9,540,3632,17,8,4.3,5935,5.6,39.2,-89.35,193,16,25,430,Indianapolis Colts,19
105,982,6.3,120,1070,12.8,2011,601,369,2178,324,58,8,430,4023,26,18,5.1,6201,5.8,35.6,-101.71,206,16,31,433,Oakland Raiders,15
120,871,6.9,85,1003,15.3,2011,507,340,2224,321,24,11,467,3714,31,20,4.8,5938,5.9,37.0,-87.55,196,16,30,434,Buffalo Bills,19
92,834,6.8,97,1027,10.8,2011,538,332,1712,367,27,15,439,4019,23,8,3.9,5731,5.6,41.1,-81.04,213,16,34,449,Minnesota Vikings,10
135,786,7.6,95,1002,13.0,2011,481,356,2497,301,33,10,498,3814,24,14,5.0,6311,6.3,42.9,-160.00,188,16,30,494,Tampa Bay Buccaneers,26
80,902,5.4,102,968,16.0,2012,564,295,1649,327,29,13,368,3250,31,18,4.5,4899,5.1,27.2,27.33,186,16,15,245,Seattle Seahawks,8
72,758,5.3,93,1012,12.8,2012,567,284,1507,337,34,11,407,3203,25,14,3.7,4710,4.7,26.7,25.05,178,16,19,273,San Francisco 49ers,7
75,704,5.4,78,1021,20.5,2012,592,286,1627,350,25,20,388,3423,44,24,4.2,5050,4.9,25.1,124.14,186,16,19,277,Chicago Bears,6
73,951,5.2,123,1015,11.9,2012,559,287,1458,321,31,8,404,3194,24,16,3.6,4652,4.6,26.9,91.32,183,16,25,289,Denver Broncos,5
99,641,6.7,83,991,17.2,2012,551,298,1971,337,10,11,411,3878,31,20,4.8,5849,5.9,31.7,-42.48,189,16,14,299,Atlanta Falcons,16
78,882,5.3,100,951,10.4,2012,523,273,1450,299,26,10,391,2963,20,10,3.7,4413,4.6,30.8,37.01,169,16,19,314,Pittsburgh Steelers,9
79,1045,6.2,121,1073,8.2,2012,600,320,1734,353,26,6,431,3974,16,10,4.0,5708,5.3,32.2,-21.88,215,16,18,317,Miami Dolphins,10
99,779,5.6,90,1034,14.1,2012,560,307,1715,346,25,16,423,3400,30,14,4.1,5115,4.9,29.3,51.85,183,16,16,320,Cincinnati Bengals,13
100,932,6.9,101,1046,20.4,2012,594,340,1630,369,33,21,415,4342,41,20,3.9,5972,5.7,30.1,-21.24,207,16,27,331,New England Patriots,10
94,863,5.8,90,1015,14.5,2012,581,292,1560,308,31,14,390,3612,29,15,4.0,5172,5.1,28.0,53.85,167,16,29,331,Houston Texans,5
83,1055,5.7,123,1033,11.8,2012,568,308,1896,313,34,5,418,3492,23,18,4.5,5388,5.2,33.2,-34.23,191,16,24,336,Green Bay Packers,12
105,929,6.1,107,1086,12.0,2012,557,326,1965,335,34,12,492,3650,25,13,4.0,5615,5.2,34.9,-10.19,187,16,15,344,Baltimore Ravens,15
104,900,7.2,102,1016,17.1,2012,534,317,2066,341,17,14,449,4068,35,21,4.6,6134,6.0,35.4,-46.92,196,16,26,344,New York Giants,9
107,758,6.0,90,1041,10.8,2012,547,327,1880,362,23,4,442,3602,21,17,4.3,5482,5.3,34.6,-1.27,197,16,16,348,St. Louis Rams,18
82,949,6.0,111,1083,11.8,2012,612,345,1692,391,34,12,427,3908,22,10,4.0,5600,5.2,33.7,-52.32,229,16,28,348,Minnesota Vikings,10
85,798,6.1,102,1012,13.7,2012,568,316,1542,347,30,14,406,3681,28,14,3.8,5223,5.2,31.3,7.02,201,16,28,350,San Diego Chargers,10
107,810,6.0,100,1041,14.2,2012,497,288,2192,270,21,11,506,3213,33,22,4.3,5405,5.2,27.0,73.31,160,16,20,357,Arizona Cardinals,12
98,711,6.0,86,1010,11.9,2012,555,326,1761,371,32,12,416,3568,23,11,4.2,5329,5.3,38.6,-38.02,196,16,22,363,Carolina Panthers,11
104,1008,6.1,120,1095,14.6,2012,600,345,1898,378,38,12,457,3923,29,17,4.2,5821,5.3,30.7,-33.76,203,16,27,368,Cleveland Browns,14
96,805,5.8,109,1019,11.4,2012,494,293,2138,266,36,12,495,3036,23,11,4.3,5174,5.1,30.6,8.59,161,16,20,375,New York Jets,17
102,1208,6.7,128,995,8.3,2012,535,325,2200,334,33,3,428,3788,15,12,5.1,5988,6.0,38.3,-111.63,190,16,23,387,Indianapolis Colts,14
89,811,6.8,100,1031,16.9,2012,636,340,1532,393,28,10,363,4511,31,21,4.2,6043,5.9,38.3,-72.09,223,16,31,388,Washington Redskins,11
75,851,7.3,103,1031,12.5,2012,627,329,1320,410,28,8,377,4758,26,18,3.5,6078,5.9,32.8,-58.96,226,16,30,394,Tampa Bay Buccaneers,13
92,726,6.8,89,986,8.0,2012,511,317,2003,320,30,9,441,3684,16,7,4.5,5687,5.8,38.9,-94.29,195,16,22,400,Dallas Cowboys,17
106,670,7.2,81,973,6.2,2012,464,301,2171,279,19,6,482,3533,13,7,4.5,5704,5.9,40.4,-112.39,176,16,29,425,Kansas City Chiefs,11
136,693,6.1,80,1042,10.8,2012,536,349,2333,306,31,9,470,3473,21,12,5.0,5806,5.6,37.1,-101.64,182,16,25,435,Buffalo Bills,23
107,789,6.2,93,998,8.4,2012,544,305,1889,346,31,6,420,3569,17,11,4.5,5458,5.5,36.8,-78.91,167,16,26,437,Detroit Lions,13
95,925,6.9,101,995,9.1,2012,526,304,1897,347,29,8,444,3775,19,11,4.3,5672,5.7,41.2,-98.96,180,16,28,443,Oakland Raiders,18
133,820,6.9,101,1100,11.0,2012,535,364,2256,341,37,11,545,3832,23,12,4.1,6088,5.5,39.8,-117.47,194,16,21,444,Jacksonville Jaguars,19
108,996,6.7,118,994,6.6,2012,485,317,2021,292,31,5,479,3470,13,8,4.2,5491,5.5,39.0,-87.34,178,16,33,444,Philadelphia Eagles,11
116,835,7.4,102,1089,13.0,2012,602,380,2361,370,28,11,457,4681,26,15,5.2,7042,6.5,39.6,-124.99,236,16,31,454,New Orleans Saints,18
122,717,6.6,86,1086,12.6,2012,564,358,2035,374,26,5,483,3964,24,19,4.2,5999,5.5,39.8,-57.49,210,16,31,471,Tennessee Titans,16
83,879,4.8,98,990,19.4,2013,524,282,1626,309,43,11,422,2752,39,28,3.9,4378,4.4,24.7,149.91,156,16,16,231,Seattle Seahawks,4
70,753,5.5,84,975,16.3,2013,563,278,1391,375,30,10,352,3429,30,20,4.0,4820,4.9,28.7,72.19,178,16,17,241,Carolina Panthers,4
77,878,5.7,96,1020,13.1,2013,585,284,1535,345,26,12,397,3536,30,18,3.9,5071,5.0,26.2,72.63,181,16,19,272,San Francisco 49ers,11
82,750,5.6,91,943,10.5,2013,507,274,1786,304,24,7,387,3105,19,12,4.6,4891,5.2,30.4,4.34,168,16,20,304,New Orleans Saints,11
88,852,6.2,112,1067,15.7,2013,592,303,1923,334,26,15,428,3962,36,21,4.5,5885,5.5,27.5,35.70,189,16,25,305,Kansas City Chiefs,9
72,692,5.1,69,1042,15.2,2013,614,282,1544,362,32,11,385,3344,31,20,4.0,4888,4.7,27.4,92.93,178,16,22,305,Cincinnati Bengals,6
68,960,5.5,111,1042,13.7,2013,625,309,1351,367,33,10,370,3728,30,20,3.7,5079,4.9,28.9,77.66,208,16,29,324,Arizona Cardinals,5
114,748,6.0,95,1106,11.9,2013,580,327,1998,344,21,6,484,3752,24,18,4.1,5750,5.2,33.5,-4.44,192,16,17,335,Miami Dolphins,14
101,990,6.4,112,1026,13.7,2013,536,319,2002,324,27,12,448,3711,27,15,4.5,5713,5.6,31.7,-75.62,191,16,21,336,Indianapolis Colts,14
110,951,6.0,110,1118,13.3,2013,589,338,2145,336,20,12,481,3824,29,17,4.5,5969,5.3,29.6,-19.08,208,16,25,338,New England Patriots,11
98,850,7.1,100,959,9.6,2013,548,327,1725,364,21,6,376,4139,17,11,4.6,5864,6.1,36.1,-113.64,208,16,23,348,San Diego Chargers,14
79,1196,6.2,126,1032,10.3,2013,552,284,1687,314,29,8,440,3681,24,16,3.8,5368,5.2,31.4,28.23,176,16,25,352,Baltimore Ravens,7
87,978,6.7,105,1014,14.7,2013,521,337,1646,355,47,15,440,3874,29,14,3.7,5520,5.4,31.0,-34.00,203,16,21,364,St. Louis Rams,18
106,798,5.9,92,1036,10.5,2013,569,303,1849,329,23,10,433,3546,20,10,4.3,5395,5.2,35.3,12.67,174,16,21,370,Pittsburgh Steelers,18
62,681,6.5,87,982,11.1,2013,572,290,1596,338,31,7,377,3950,22,15,4.2,5546,5.6,35.7,-12.27,197,16,24,376,Detroit Lions,10
108,779,6.2,95,1027,13.2,2013,545,329,1795,344,30,12,446,3612,25,13,4.0,5407,5.3,35.8,-19.97,191,16,15,381,Tennessee Titans,21
100,855,6.6,106,1150,15.3,2013,670,368,1668,408,29,12,443,4636,31,19,3.8,6304,5.5,32.7,-19.45,239,16,25,382,Philadelphia Eagles,12
101,904,5.6,105,1089,13.0,2013,601,327,1743,361,28,12,454,3573,29,17,3.8,5316,4.9,31.0,63.34,198,16,21,383,New York Giants,12
68,833,6.3,92,1048,7.3,2013,586,293,1412,345,27,2,421,3947,15,13,3.4,5359,5.1,35.4,-11.08,198,16,26,387,New York Jets,9
98,931,5.3,108,1089,14.0,2013,561,308,2063,310,40,7,471,3271,30,23,4.4,5334,4.9,32.2,68.83,170,16,28,388,Buffalo Bills,10
95,1012,6.5,105,1020,15.0,2013,547,324,1762,352,39,10,438,3806,31,21,4.0,5568,5.5,38.0,-32.43,190,16,30,389,Tampa Bay Buccaneers,10
90,807,6.2,97,1074,12.6,2013,613,339,1626,357,41,9,420,4070,26,17,3.9,5696,5.3,32.5,-37.26,208,16,29,399,Denver Broncos,15
103,745,5.5,95,1107,9.9,2013,605,328,1781,363,28,7,462,3538,21,14,3.9,5319,4.8,34.0,-8.90,197,16,29,406,Cleveland Browns,13
88,809,6.1,103,970,5.7,2013,484,282,1958,287,36,4,454,3123,11,7,4.3,5081,5.2,36.1,-40.35,158,16,29,428,Houston Texans,11
116,883,6.8,99,1015,12.2,2013,539,330,2000,332,24,11,432,3956,22,11,4.6,5956,5.9,38.9,-111.62,190,16,30,428,Green Bay Packers,16
122,875,7.0,112,1094,13.8,2013,623,388,2056,403,35,13,437,4589,28,15,4.7,6645,6.1,39.7,-113.29,231,16,33,432,Dallas Cowboys,17
102,885,7.1,104,1003,11.4,2013,516,326,2173,341,28,11,455,3897,21,10,4.8,6070,6.1,45.1,-123.26,196,16,31,443,Atlanta Falcons,14
121,729,6.8,87,1089,10.7,2013,551,353,2108,354,32,10,507,3962,21,11,4.2,6070,5.6,38.1,-85.38,200,16,29,449,Jacksonville Jaguars,20
100,686,7.0,87,1029,9.5,2013,549,330,1727,374,28,13,442,4092,22,9,3.9,5819,5.7,38.6,-94.75,202,16,33,453,Oakland Raiders,15
102,697,7.1,83,993,13.1,2013,514,329,1769,337,23,10,443,3896,26,16,4.0,5665,5.7,36.7,-51.25,204,16,29,478,Washington Redskins,23
147,647,6.9,69,1021,15.2,2013,507,353,2583,315,22,9,483,3730,28,19,5.3,6313,6.2,42.7,-111.23,184,16,25,478,Chicago Bears,22
101,1003,6.7,100,1132,9.1,2013,648,368,1767,419,20,8,443,4595,20,12,4.0,6362,5.6,39.6,-125.25,247,16,37,480,Minnesota Vikings,14
70,613,5.5,70,924,12.3,2014,507,277,1304,313,32,11,380,2970,24,13,3.4,4274,4.6,26.9,50.43,175,16,17,254,Seattle Seahawks,8
108,851,5.5,107,1024,6.7,2014,545,310,2036,318,18,8,433,3252,14,6,4.7,5288,5.2,32.6,-5.79,184,16,22,281,Kansas City Chiefs,4
59,849,5.8,99,984,14.3,2014,592,310,1109,383,42,7,350,3706,27,20,3.2,4815,4.9,26.9,48.45,209,16,23,282,Detroit Lions,8
89,849,5.4,104,1027,14.1,2014,559,302,1703,337,42,11,414,3292,30,19,4.1,4995,4.9,28.3,75.16,171,16,16,289,Buffalo Bills,10
77,1192,6.8,130,1010,12.8,2014,579,300,1739,365,28,7,396,4152,25,18,4.4,5891,5.8,29.8,3.41,195,16,22,299,Arizona Cardinals,9
75,1007,6.2,110,1034,11.7,2014,595,311,1412,382,31,11,390,3979,22,11,3.6,5391,5.2,33.3,-21.36,205,16,22,302,Baltimore Ravens,8
89,786,5.9,99,1077,16.1,2014,619,329,1681,363,34,14,420,3890,34,20,4.0,5571,5.2,26.6,79.59,206,16,28,307,Houston Texans,6
88,752,6.2,92,1033,13.2,2014,574,329,1669,342,45,9,419,3837,25,16,4.0,5506,5.3,32.4,-27.24,196,16,24,313,New England Patriots,6
126,769,5.8,98,1118,13.6,2014,587,348,2265,335,38,8,500,3592,29,21,4.5,5857,5.2,32.3,0.76,184,16,22,337,Cleveland Browns,13
83,909,6.0,122,989,16.6,2014,551,308,1612,324,37,6,402,3531,29,23,4.0,5143,5.2,32.0,-8.98,188,16,29,340,San Francisco 49ers,7
100,938,6.2,112,1025,10.1,2014,534,321,1943,353,32,6,450,3572,19,13,4.3,5515,5.4,34.1,-42.67,189,16,26,343,Minnesota Vikings,10
105,876,6.2,105,1067,13.6,2014,608,337,1861,365,35,6,439,3888,26,20,4.2,5749,5.4,32.6,-30.61,197,16,18,344,Cincinnati Bengals,16
98,1067,6.2,129,988,9.5,2014,524,307,1986,320,41,11,438,3427,18,7,4.5,5413,5.5,35.8,-53.24,168,16,24,348,San Diego Chargers,11
116,945,6.0,104,1054,14.9,2014,564,339,1919,333,27,9,449,3623,27,18,4.3,5542,5.3,33.1,-30.73,196,16,26,348,Green Bay Packers,11
86,861,6.9,104,978,16.8,2014,558,315,1650,371,34,13,392,4031,31,18,4.2,5681,5.8,31.3,-68.86,195,16,22,352,Dallas Cowboys,18
83,882,6.7,105,1005,13.2,2014,540,301,1765,368,29,12,425,3861,25,13,4.2,5626,5.6,30.2,5.33,189,16,18,354,St. Louis Rams,12
60,816,5.3,103,1031,11.8,2014,641,311,1276,399,32,7,349,3607,25,18,3.7,4883,4.7,31.3,13.81,219,16,29,354,Denver Broncos,9
88,835,7.0,97,944,11.5,2014,543,314,1605,350,33,10,368,4049,21,11,4.4,5654,6.0,39.7,-80.80,193,16,30,368,Pittsburgh Steelers,9
103,866,6.3,101,1007,12.6,2014,543,309,1814,320,31,14,423,3669,26,12,4.3,5483,5.4,28.1,-9.60,175,16,27,369,Indianapolis Colts,14
99,920,6.2,105,1029,13.3,2014,537,309,1937,338,16,11,453,3557,25,14,4.3,5494,5.3,36.7,-20.09,194,16,27,373,Miami Dolphins,13
91,760,6.1,97,999,14.0,2014,562,309,1792,364,25,12,397,3645,26,14,4.5,5437,5.4,34.1,-39.67,193,16,25,374,Carolina Panthers,14
112,948,6.8,105,1007,12.8,2014,522,326,2162,324,27,9,438,3850,26,17,4.9,6012,6.0,35.4,-56.64,187,16,25,400,New York Giants,15
88,1089,6.6,121,1113,12.7,2014,591,338,1771,345,39,16,473,4238,28,12,3.7,6009,5.4,31.1,-11.84,211,16,30,400,Philadelphia Eagles,14
74,780,6.4,91,976,5.5,2014,538,300,1489,345,32,7,393,3746,13,6,3.8,5235,5.4,37.2,-74.30,194,16,31,401,New York Jets,10
103,935,6.8,106,1067,13.0,2014,563,353,1819,387,27,11,468,4084,25,14,3.9,5903,5.5,38.9,-72.07,223,16,28,410,Tampa Bay Buccaneers,15
107,886,6.7,115,1085,9.8,2014,541,330,2033,355,23,14,499,3899,20,6,4.1,5932,5.5,36.3,-39.34,200,16,24,412,Jacksonville Jaguars,15
108,744,7.6,91,1038,14.2,2014,566,358,1894,359,26,12,450,4478,28,16,4.2,6372,6.1,42.6,-136.13,224,16,20,417,Atlanta Falcons,21
111,889,6.9,105,1022,9.9,2014,546,345,2125,341,29,5,442,4019,17,12,4.8,6144,6.0,43.3,-141.89,205,16,26,424,New Orleans Saints,17
119,731,6.5,93,1099,8.4,2014,545,357,2195,347,27,4,515,3773,16,12,4.3,5968,5.4,40.8,-85.48,211,16,28,438,Tennessee Titans,17
77,1164,7.2,144,976,8.8,2014,519,307,1722,345,35,12,421,3990,19,7,4.1,5712,5.9,37.4,-104.87,195,16,35,438,Washington Redskins,11
78,978,7.2,106,1008,12.4,2014,548,325,1803,366,20,10,421,4230,24,14,4.3,6033,6.0,44.6,-106.73,227,16,34,442,Chicago Bears,12
95,941,6.8,116,1041,6.6,2014,538,320,1911,343,35,5,481,3810,14,9,4.0,5721,5.5,39.6,-56.86,190,16,29,452,Oakland Raiders,17
71,795,5.8,94,947,13.2,2015,548,273,1304,333,27,9,362,3364,23,14,3.6,4668,4.9,29.3,50.54,175,16,14,277,Seattle Seahawks,10
74,1063,5.8,116,1032,15.0,2015,646,307,1477,415,31,7,344,3976,28,21,4.3,5453,5.3,28.9,24.23,202,16,18,279,Cincinnati Bengals,8
86,941,5.7,110,1037,15.3,2015,607,313,1571,349,34,7,383,3698,29,22,4.1,5269,5.1,27.3,69.97,193,16,25,287,Kansas City Chiefs,7
81,773,5.1,104,1033,11.9,2015,573,289,1337,344,46,13,408,3193,27,14,3.3,4530,4.4,26.9,146.71,162,16,19,296,Denver Broncos,10
94,875,6.2,109,1015,11.9,2015,561,318,1748,359,35,9,411,3762,22,13,4.3,5510,5.4,33.3,3.87,189,16,24,302,Minnesota Vikings,7
74,822,5.4,99,1058,19.4,2015,650,298,1415,390,26,15,364,3752,39,24,3.9,5167,4.9,26.5,98.67,198,16,21,308,Carolina Panthers,11
79,991,5.6,116,986,11.1,2015,553,281,1597,326,29,11,388,3366,25,14,4.1,4963,5.0,27.3,47.11,173,16,24,313,Houston Texans,10
79,1202,6.1,130,982,16.7,2015,573,284,1460,343,28,14,373,3687,33,19,3.9,5147,5.2,31.7,35.95,177,16,24,313,Arizona Cardinals,9
62,767,5.9,90,1013,14.4,2015,601,271,1335,343,24,12,373,3763,30,18,3.6,5098,5.0,28.4,54.43,185,16,25,314,New York Jets,4
77,1013,6.0,112,1042,10.5,2015,596,303,1578,361,22,9,397,3852,21,12,4.0,5430,5.2,28.9,9.01,204,16,24,315,New England Patriots,8
71,1199,6.5,121,1055,14.3,2015,625,327,1459,402,25,13,382,4350,30,17,3.8,5809,5.5,32.3,29.41,231,16,29,319,Pittsburgh Steelers,6
96,1107,6.1,120,1014,11.5,2015,551,300,1905,321,21,6,420,3642,22,16,4.5,5547,5.5,31.3,-1.65,183,16,20,323,Green Bay Packers,13
98,992,6.4,109,1091,12.1,2015,597,320,1820,399,30,13,453,4065,26,13,4.0,5885,5.4,31.8,26.21,192,16,21,330,St. Louis Rams,7
107,728,6.7,95,996,13.4,2015,561,335,1680,370,31,8,416,3882,23,15,4.0,5562,5.6,34.3,-53.03,197,16,19,345,Atlanta Falcons,20
87,906,6.4,113,1017,11.0,2015,602,322,1730,347,37,8,394,3972,25,17,4.4,5702,5.6,32.5,-49.07,198,16,30,359,Buffalo Bills,10
113,900,6.8,113,997,5.6,2015,506,317,1931,330,32,3,460,3636,11,8,4.2,5567,5.6,36.7,-64.24,172,16,19,374,Dallas Cowboys,16
103,955,6.8,112,1010,14.9,2015,566,329,1962,354,24,16,406,4128,27,11,4.8,6090,6.0,35.4,-75.97,202,16,30,379,Washington Redskins,10
128,920,7.2,112,1081,6.6,2015,549,356,2020,375,29,3,504,4179,12,9,4.0,6199,5.7,37.9,-114.17,199,16,21,387,San Francisco 49ers,20
112,1005,7.0,121,1076,8.4,2015,542,351,2019,350,36,3,503,4000,16,13,4.0,6019,5.6,34.0,-92.50,203,16,31,389,Miami Dolphins,13
103,895,6.6,98,981,8.0,2015,513,307,1934,322,22,9,433,3593,17,8,4.5,5527,5.6,36.6,-87.45,182,16,31,397,Chicago Bears,9
101,976,7.0,120,959,10.0,2015,510,299,2005,328,28,9,417,3786,20,11,4.8,5791,6.0,37.8,-91.81,170,16,22,398,San Diego Chargers,17
94,943,6.1,104,1085,11.5,2015,641,344,1678,404,44,11,406,4140,25,14,4.1,5818,5.4,38.2,-59.91,206,16,25,399,Oakland Raiders,12
96,785,6.6,96,999,9.1,2015,528,319,1808,360,32,10,428,3789,19,9,4.2,5597,5.6,38.2,-85.51,191,16,27,400,Detroit Lions,18
80,748,6.4,103,1000,7.0,2015,545,311,1661,350,42,8,418,3737,14,6,4.0,5398,5.4,37.4,-81.45,189,16,30,401,Baltimore Ravens,10
89,1168,6.6,133,1072,12.4,2015,585,331,1952,354,32,8,452,4114,25,17,4.3,6066,5.7,36.6,-52.30,210,16,29,408,Indianapolis Colts,14
104,862,6.6,104,1045,12.8,2015,541,351,1606,378,39,12,466,3840,23,11,3.4,5446,5.2,41.7,-80.13,208,16,31,417,Tampa Bay Buccaneers,12
101,982,6.8,112,1004,8.1,2015,503,317,1797,319,24,8,462,3678,19,11,3.9,5475,5.5,36.6,-47.06,192,16,34,423,Tennessee Titans,11
100,1049,6.4,123,1148,11.8,2015,633,365,2153,394,26,11,478,4273,26,15,4.5,6426,5.6,36.0,-65.84,239,16,36,430,Philadelphia Eagles,10
104,833,7.4,108,998,11.7,2015,511,321,2055,322,31,10,458,4012,21,11,4.5,6067,6.1,41.9,-114.79,186,16,34,432,Cleveland Browns,11
104,1077,7.2,120,1105,14.2,2015,638,367,1942,423,27,13,444,4783,28,15,4.4,6725,6.1,40.5,-105.13,236,16,31,442,New York Giants,15
102,989,6.7,114,1102,8.8,2015,602,362,1709,390,38,9,464,4291,18,9,3.7,6000,5.4,38.1,-88.89,222,16,29,448,Jacksonville Jaguars,15
103,887,7.9,114,997,11.7,2015,544,380,2071,372,54,13,422,4544,22,9,4.9,6615,6.6,43.9,-204.10,223,16,45,476,New Orleans Saints,12
81,930,6.0,113,998,11.2,2016,596,294,1417,368,23,10,368,3806,23,13,3.9,5223,5.2,26.8,23.42,190,16,21,250,New England Patriots,6
82,853,6.0,104,1062,12.2,2016,630,298,1417,369,25,8,397,4018,25,17,3.6,5435,5.1,29.9,37.91,191,16,15,284,New York Giants,10
94,925,6.2,103,1020,10.3,2016,537,307,1487,331,33,8,441,3612,19,11,3.4,5099,5.0,28.3,-4.32,180,16,16,292,Seattle Seahawks,16
101,990,5.0,110,1076,12.2,2016,552,306,2085,306,36,13,482,2972,27,14,4.3,5057,4.7,29.4,92.40,169,16,13,297,Denver Broncos,15
79,784,6.2,90,1009,11.3,2016,633,330,1336,425,25,11,340,4167,20,9,3.9,5503,5.5,35.1,-86.95,226,16,25,306,Dallas Cowboys,9
87,825,5.6,99,993,14.1,2016,548,304,1711,332,31,13,404,3327,27,14,4.2,5038,5.1,33.3,23.66,186,16,22,307,Minnesota Vikings,9
102,797,6.3,109,1063,16.5,2016,598,342,1938,350,31,15,437,3958,33,18,4.4,5896,5.5,31.9,-5.71,209,16,23,311,Kansas City Chiefs,10
95,950,6.1,105,1038,11.4,2016,593,327,1812,374,36,3,412,3800,20,17,4.4,5612,5.4,34.7,-52.04,196,16,22,315,Cincinnati Bengals,12
74,900,6.1,94,993,14.1,2016,578,294,1430,369,30,10,384,3724,28,18,3.7,5154,5.2,28.1,-5.60,190,16,28,321,Baltimore Ravens,10
95,920,6.2,109,997,11.9,2016,590,313,1600,381,34,10,369,3882,23,13,4.3,5482,5.5,34.5,-49.01,184,16,20,327,Pittsburgh Steelers,15
87,949,5.8,114,950,9.1,2016,522,272,1595,319,28,6,397,3226,17,11,4.0,4821,5.1,31.7,32.65,157,16,20,328,Houston Texans,13
89,837,6.5,99,978,13.4,2016,553,300,1652,333,34,10,391,3832,26,16,4.2,5484,5.6,33.9,-11.72,177,16,25,331,Philadelphia Eagles,10
99,979,6.9,122,964,8.8,2016,549,333,1701,399,28,4,389,3975,14,10,4.4,5676,5.9,39.4,-152.76,206,16,33,358,Detroit Lions,8
90,1010,5.7,123,1019,12.9,2016,547,293,1518,344,28,14,424,3365,28,14,3.6,4883,4.8,32.5,53.40,175,16,21,362,Arizona Cardinals,16
102,1061,6.8,121,1013,14.7,2016,548,326,1875,347,21,12,427,4012,29,17,4.4,5887,5.8,35.9,-41.58,203,16,24,369,Tampa Bay Buccaneers,15
122,884,6.5,106,1019,9.3,2016,511,338,2130,306,33,6,469,3582,18,12,4.5,5712,5.6,38.8,-60.14,183,16,19,378,Buffalo Bills,21
70,1191,6.4,137,1031,9.0,2016,635,324,1413,388,27,6,356,4307,18,12,4.0,5720,5.5,35.0,-63.76,227,16,25,378,Tennessee Titans,10
109,919,6.2,109,1088,12.9,2016,591,349,2247,368,41,9,464,3875,25,16,4.8,6122,5.6,35.1,-80.00,199,16,30,380,Miami Dolphins,12
109,1023,6.6,100,1050,11.8,2016,589,368,1916,387,34,8,423,4130,21,13,4.5,6046,5.8,38.5,-116.87,225,16,22,383,Washington Redskins,19
94,1062,7.3,115,987,14.2,2016,541,318,1881,328,36,14,421,4120,30,16,4.5,6001,6.1,35.3,-81.26,188,16,27,385,Oakland Raiders,18
80,964,7.1,109,987,13.9,2016,571,329,1515,370,22,8,376,4308,25,17,4.0,5823,5.9,41.0,-139.64,227,16,32,388,Green Bay Packers,11
93,1155,6.8,125,1024,9.7,2016,582,353,1926,378,35,9,409,4200,17,8,4.7,6126,6.0,41.5,-116.08,225,16,27,392,Indianapolis Colts,12
91,920,6.1,108,1037,9.4,2016,582,325,1660,378,40,8,424,3732,18,10,3.9,5392,5.2,31.3,-59.12,194,16,32,394,Los Angeles Rams,12
99,959,6.3,103,1012,6.3,2016,530,322,1950,342,35,3,445,3598,11,8,4.4,5548,5.5,42.0,-101.61,188,16,22,399,Chicago Bears,18
93,948,5.9,101,1030,5.8,2016,551,305,1703,345,38,6,446,3444,13,7,3.8,5147,5.0,39.3,-26.26,174,16,20,400,Jacksonville Jaguars,17
90,907,6.5,112,1035,13.8,2016,612,329,1465,409,16,10,376,4291,27,17,3.9,5756,5.6,36.2,-33.98,223,16,27,402,Carolina Panthers,11
95,974,6.2,113,1059,11.4,2016,655,358,1672,422,31,10,370,4267,22,12,4.5,5939,5.6,39.2,-125.47,232,16,31,406,Atlanta Falcons,15
86,651,6.8,74,1000,7.1,2016,545,318,1581,347,29,6,428,3898,14,8,3.7,5479,5.5,37.7,-81.03,203,16,30,409,New York Jets,11
98,837,6.5,119,1025,14.5,2016,580,329,1567,364,27,10,410,3987,28,18,3.8,5554,5.4,39.8,-16.97,204,16,21,423,San Diego Chargers,20
121,930,7.0,104,1067,6.1,2016,543,364,2283,347,23,3,498,3996,13,10,4.6,6279,5.9,40.8,-185.58,220,16,36,452,Cleveland Browns,18
91,881,7.2,104,1008,12.2,2016,582,353,1626,378,32,12,396,4380,21,9,4.1,6006,6.0,45.3,-140.39,230,16,27,454,New Orleans Saints,19
140,795,6.9,93,1102,9.4,2016,521,358,2654,322,31,10,548,3848,20,10,4.8,6502,5.9,41.4,-141.42,187,16,30,480,San Francisco 49ers,25
59,928,5.2,105,956,10.1,2017,555,260,1337,324,33,5,364,3078,19,14,3.7,4415,4.6,27.9,54.42,168,16,13,252,Minnesota Vikings,10
91,1050,4.8,112,993,15.6,2017,509,257,1860,289,23,12,429,2718,33,21,4.3,4578,4.6,23.9,141.03,143,16,17,268,Jacksonville Jaguars,9
99,996,5.6,109,997,15.1,2017,524,282,2098,329,30,9,430,3156,27,18,4.9,5254,5.3,28.5,42.51,153,16,17,272,Los Angeles Chargers,11
62,917,5.7,101,976,15.4,2017,601,272,1267,363,33,12,337,3637,31,19,3.8,4904,5.0,27.1,52.50,177,16,24,295,Philadelphia Eagles,7
98,1035,6.4,111,1022,9.9,2017,590,325,1836,367,23,6,390,4020,18,12,4.7,5856,5.7,30.2,-108.58,204,16,24,296,New England Patriots,6
87,807,5.6,96,1045,17.4,2017,569,296,1780,333,30,12,435,3421,34,22,4.1,5201,5.0,29.7,94.13,179,16,18,303,Baltimore Ravens,12
89,1041,5.8,110,940,12.4,2017,499,270,1693,297,24,6,385,3217,22,16,4.4,4910,5.2,30.3,-10.35,157,16,20,308,Pittsburgh Steelers,14
97,880,5.8,103,994,9.1,2017,553,323,1665,362,29,8,402,3429,16,8,4.1,5094,5.1,36.0,-42.66,197,16,22,315,Atlanta Falcons,9
85,910,5.9,118,1003,11.2,2017,529,298,1730,343,33,14,432,3376,22,8,4.0,5106,5.1,33.1,5.61,180,16,18,320,Chicago Bears,10
92,850,6.0,108,1002,13.6,2017,554,308,1787,329,44,5,406,3597,25,20,4.4,5384,5.4,33.3,-35.53,172,16,22,326,New Orleans Saints,11
69,867,6.1,101,953,11.7,2017,550,282,1409,351,26,11,353,3665,21,10,4.0,5074,5.3,33.9,-0.97,187,16,25,327,Carolina Panthers,7
86,808,5.8,102,1021,14.0,2017,555,300,1957,324,33,10,418,3475,28,18,4.7,5432,5.3,30.6,23.02,181,16,21,329,Los Angeles Rams,15
96,880,5.7,107,1000,10.5,2017,559,312,1664,371,35,11,403,3425,21,10,4.1,5089,5.1,31.6,-61.21,181,16,28,332,Dallas Cowboys,7
90,878,5.6,102,1045,11.9,2017,554,316,1824,325,45,11,452,3347,25,14,4.0,5171,4.9,33.2,25.16,181,16,19,332,Seattle Seahawks,14
112,864,6.6,107,1044,13.4,2017,570,352,1890,325,36,10,443,3952,26,16,4.3,5842,5.6,33.5,-89.44,204,16,23,339,Kansas City Chiefs,15
111,906,5.6,106,1091,7.6,2017,561,325,2046,336,41,3,489,3379,14,11,4.2,5425,5.0,37.0,-14.61,173,16,20,349,Cincinnati Bengals,13
68,942,5.9,119,1046,10.8,2017,605,323,1420,369,24,9,398,3828,21,12,3.6,5248,5.0,37.3,-35.46,231,16,27,356,Tennessee Titans,5
121,873,6.1,97,1066,13.1,2017,573,348,1994,370,28,7,466,3688,25,18,4.3,5682,5.3,37.2,-30.04,199,16,14,359,Buffalo Bills,22
68,1128,5.9,129,1008,10.5,2017,564,283,1432,343,28,6,407,3541,21,15,3.5,4973,4.9,31.5,67.07,187,16,24,361,Arizona Cardinals,12
93,944,6.9,102,994,7.0,2017,530,304,1743,361,24,9,433,3858,14,5,4.0,5601,5.6,40.9,-94.80,187,16,24,373,Oakland Raiders,11
109,971,6.4,110,1037,16.1,2017,570,349,1800,366,35,13,432,3892,32,19,4.2,5692,5.5,32.3,-18.79,205,16,21,376,Detroit Lions,18
102,937,7.3,109,1011,13.1,2017,549,327,1880,371,23,13,440,4169,26,13,4.3,6049,6.0,38.9,-89.67,202,16,22,382,Tampa Bay Buccaneers,17
88,981,6.4,114,1052,10.4,2017,558,329,1887,329,50,9,466,3749,20,11,4.0,5636,5.4,33.3,-55.81,191,16,30,382,New York Jets,13
68,821,6.1,89,952,8.8,2017,491,266,1430,294,32,7,428,3210,17,10,3.3,4640,4.9,32.5,59.44,166,16,29,382,Denver Broncos,9
108,791,6.6,97,1065,10.1,2017,544,343,1861,344,37,10,491,3764,20,10,3.8,5625,5.3,37.8,-78.80,198,16,27,383,San Francisco 49ers,13
95,832,6.9,94,1014,11.5,2017,513,331,1793,348,25,11,464,3789,22,11,3.9,5582,5.5,40.2,-89.27,211,16,30,384,Green Bay Packers,10
105,887,6.0,100,1045,11.8,2017,531,307,2146,306,31,7,472,3420,23,16,4.5,5566,5.3,35.9,4.48,171,16,23,388,Washington Redskins,13
101,923,6.9,115,1052,9.6,2017,561,313,1933,347,23,6,464,4038,19,13,4.2,5971,5.7,35.5,-49.98,189,16,32,388,New York Giants,10
88,1077,6.5,122,989,8.1,2017,528,319,1768,339,41,6,431,3603,15,9,4.1,5371,5.4,36.6,-54.94,190,16,26,393,Miami Dolphins,14
99,822,7.3,102,1026,10.3,2017,513,324,1927,320,33,7,488,3946,20,13,3.9,5873,5.7,39.7,-110.08,192,16,23,404,Indianapolis Colts,15
95,906,6.6,101,1026,6.9,2017,525,315,1566,360,31,6,467,3684,13,7,3.4,5250,5.1,36.2,-60.07,189,16,28,410,Cleveland Browns,14
88,1128,7.1,122,973,7.7,2017,501,301,1747,321,37,5,440,3799,16,11,4.0,5546,5.7,39.7,-67.35,176,16,30,436,Houston Texans,14
67,1022,5.3,114,1004,19.5,2018,615,278,1280,377,25,9,339,3515,36,27,3.8,4795,4.8,28.6,95.50,186,16,22,283,Chicago Bears,5
82,1017,5.4,113,974,9.5,2018,577,286,1327,337,30,5,354,3360,17,12,3.7,4687,4.8,29.1,39.88,174,16,21,287,Baltimore Ravens,11
98,984,6.1,120,1001,9.9,2018,533,298,1863,337,18,6,429,3471,17,11,4.3,5334,5.3,33.1,-22.13,182,16,21,303,Tennessee Titans,9
89,735,5.8,92,970,8.3,2018,499,288,1870,312,37,6,434,3113,17,11,4.3,4983,5.1,33.1,4.66,162,16,17,316,Jacksonville Jaguars,16
76,945,6.5,117,1022,13.9,2018,594,298,1323,385,22,14,385,4167,29,15,3.4,5490,5.4,31.6,-10.29,200,16,28,316,Houston Texans,8
89,681,6.5,89,981,12.0,2018,542,309,1513,367,27,11,400,3755,20,9,3.8,5268,5.4,36.5,-52.66,193,16,22,324,Dallas Cowboys,12
93,838,6.2,91,1002,15.0,2018,605,322,1803,370,21,10,367,3943,28,18,4.9,5746,5.7,32.6,-32.66,208,16,29,325,New England Patriots,7
101,828,6.2,103,981,11.8,2018,548,311,1693,351,32,7,395,3646,20,13,4.3,5339,5.4,33.7,-38.61,178,16,23,329,Los Angeles Chargers,11
107,834,5.7,106,993,10.5,2018,503,303,1815,315,36,8,440,3140,20,12,4.1,4955,5.0,33.7,23.15,160,16,15,341,Minnesota Vikings,13
87,1115,6.6,131,997,14.5,2018,542,315,1630,384,25,11,417,3805,26,15,3.9,5435,5.5,35.5,-37.23,203,16,21,344,Indianapolis Colts,12
91,981,6.5,108,955,14.2,2018,546,323,1811,355,31,14,366,3842,26,12,4.9,5653,5.9,35.2,-61.32,201,16,26,347,Seattle Seahawks,9
71,995,6.4,115,1002,9.1,2018,626,308,1551,417,22,7,332,4308,17,10,4.7,5859,5.8,38.6,-90.19,215,16,22,348,Philadelphia Eagles,14
85,1006,6.6,123,1022,14.1,2018,549,318,1913,353,36,11,429,3929,28,17,4.5,5842,5.7,34.1,-39.47,197,16,26,349,Denver Broncos,11
72,814,6.9,85,978,14.6,2018,573,333,1283,384,37,12,356,4302,24,12,3.6,5585,5.7,36.0,-83.80,224,16,30,353,New Orleans Saints,12
109,791,6.5,102,996,14.6,2018,537,330,1860,362,24,11,413,3794,26,15,4.5,5654,5.7,35.1,-87.52,197,16,27,359,Washington Redskins,12
84,1170,6.0,136,987,8.2,2018,566,317,1538,362,33,7,369,3697,15,8,4.2,5235,5.3,33.7,-52.40,200,16,27,360,Pittsburgh Steelers,13
88,886,6.7,94,942,7.0,2018,496,315,1761,323,36,7,403,3599,14,7,4.4,5360,5.7,34.5,-100.68,191,16,29,360,Detroit Lions,11
111,976,5.4,99,968,14.3,2018,492,293,1839,313,25,11,440,2867,27,16,4.2,4706,4.9,33.3,20.12,157,16,22,374,Buffalo Bills,17
110,805,6.8,91,948,12.9,2018,529,315,1804,353,20,10,384,3847,23,13,4.7,5651,6.0,38.0,-112.34,185,16,32,382,Carolina Panthers,13
101,852,6.6,99,960,16.9,2018,533,322,1957,347,36,12,386,3780,30,18,5.1,5737,6.0,38.2,-74.04,185,16,31,384,Los Angeles Rams,12
130,990,6.2,119,1122,15.4,2018,626,377,2163,393,31,14,459,4125,31,17,4.7,6288,5.6,35.3,-46.08,216,16,21,392,Cleveland Browns,20
100,792,6.6,97,1017,8.2,2018,527,331,1918,336,32,8,446,3752,15,7,4.3,5670,5.6,37.9,-105.40,199,16,30,400,Green Bay Packers,15
103,919,6.9,110,1034,11.6,2018,560,346,1898,362,38,5,444,4044,21,16,4.3,5942,5.7,40.9,-107.20,205,16,24,412,New York Giants,18
129,881,6.4,107,1109,14.9,2018,632,419,2114,406,43,12,425,4374,27,15,5.0,6488,5.9,40.8,-163.28,247,16,30,421,Kansas City Chiefs,19
115,1001,6.7,108,1031,10.5,2018,585,375,1999,398,34,4,409,4153,19,15,4.9,6152,6.0,41.5,-159.71,226,16,33,423,Atlanta Falcons,16
139,790,5.9,100,1065,8.6,2018,506,357,2479,342,32,9,510,3262,16,7,4.9,5741,5.4,38.0,-85.72,186,16,21,425,Arizona Cardinals,25
116,856,7.3,107,1024,14.2,2018,508,350,2325,335,39,7,485,3932,28,21,4.8,6257,6.1,39.9,-124.79,195,16,31,433,Miami Dolphins,17
104,1011,6.4,117,1023,3.9,2018,542,337,1814,344,38,5,444,3732,7,2,4.1,5546,5.4,39.8,-126.92,195,16,35,435,San Francisco 49ers,13
104,817,6.5,95,1061,9.9,2018,582,343,2021,367,38,7,440,4065,20,13,4.6,6086,5.7,39.1,-73.31,201,16,29,441,New York Jets,16
125,944,7.1,113,1084,10.2,2018,584,372,2204,389,26,6,466,4414,18,12,4.7,6618,6.1,46.3,-164.84,221,16,32,455,Cincinnati Bengals,17
122,1156,7.3,127,998,8.2,2018,534,356,1983,387,25,8,426,4151,17,9,4.7,6134,6.1,40.7,-152.18,209,16,34,464,Tampa Bay Buccaneers,19
108,991,7.8,117,973,9.8,2018,480,317,2249,299,31,3,480,3853,17,14,4.7,6102,6.3,44.3,-172.07,178,16,36,467,Oakland Raiders,16
